url,slug,id,subtype,endpoint
https://shmmoscow.ru/antitsellyulitnyj-massazh-v-domashnih-usloviyah/,antitsellyulitnyj-massazh-v-domashnih-usloviyah,36542,post,posts
https://shmmoscow.ru/azot-v-massazhe-i-kosmetologii-novye-gorizonty-v-uhode-za-kozhej-i-telom/,azot-v-massazhe-i-kosmetologii-novye-gorizonty-v-uhode-za-kozhej-i-telom,33356,post,posts
https://shmmoscow.ru/domashnij-uhod-za-kozhej-litsa-sekrety-i-sovety/,domashnij-uhod-za-kozhej-litsa-sekrety-i-sovety,33387,post,posts
https://shmmoscow.ru/obuchenie-blefaroliftu/,obuchenie-blefaroliftu,13171,post,posts
https://shmmoscow.ru/obuchenie-esteticheskoj-kosmetologii/,obuchenie-esteticheskoj-kosmetologii,12572,post,posts
https://shmmoscow.ru/primery-testov-dlya-otsenki-sostoyaniya-kozhi/,primery-testov-dlya-otsenki-sostoyaniya-kozhi,34099,post,posts
https://shmmoscow.ru/10-oshibok-nachinayushhih-massazhistov-kak-izbezhat/,10-oshibok-nachinayushhih-massazhistov-kak-izbezhat,34394,post,posts
https://shmmoscow.ru/massazh-klientami-s-ozhireniem/,massazh-klientami-s-ozhireniem,,,
https://shmmoscow.ru/kak-ne-boyatsya-govorit-tsenu-za-massazh/,kak-ne-boyatsya-govorit-tsenu-za-massazh,30979,post,posts
https://shmmoscow.ru/banochnyj-massazh-istselyayushhaya-sila-vakuumnoj-terapii/,banochnyj-massazh-istselyayushhaya-sila-vakuumnoj-terapii,33375,post,posts
https://shmmoscow.ru/kak-delat-limfodrenazhnyj-massazh-v-domashnih-usloviyah/,kak-delat-limfodrenazhnyj-massazh-v-domashnih-usloviyah,33475,post,posts
https://shmmoscow.ru/kurs-limfodrenazhnyj-massazh-litsa/,kurs-limfodrenazhnyj-massazh-litsa,11013,post,posts
https://shmmoscow.ru/kursy-antitsellyulitnogo-massazha/,kursy-antitsellyulitnogo-massazha,985,post,posts
https://shmmoscow.ru/kursy-limfodrenazhnogo-massazha/,kursy-limfodrenazhnogo-massazha,1574,post,posts
https://shmmoscow.ru/limfodrenazhnyj-massazh-litsa-drainage-fix/,limfodrenazhnyj-massazh-litsa-drainage-fix,29673,post,posts
https://shmmoscow.ru/limfodrenazhnyj-massazh-tehnika-osobennosti-rezultaty/,limfodrenazhnyj-massazh-tehnika-osobennosti-rezultaty,34409,post,posts
https://shmmoscow.ru/miofastsialnyj-reliz-stop-s-ispolzovaniem-myachika-poshagovaya-instruktsiya/,miofastsialnyj-reliz-stop-s-ispolzovaniem-myachika-poshagovaya-instruktsiya,32261,post,posts
https://shmmoscow.ru/reflektornyj-massazh-stop-zony-proektsii-i-ih-vliyanie-na-vnutrennie-organy/,reflektornyj-massazh-stop-zony-proektsii-i-ih-vliyanie-na-vnutrennie-organy,33219,post,posts
https://shmmoscow.ru/10-rasprostranennyh-oshibok-nachinayushhih-massazhistov-i-kak-ih-izbezhat/,10-rasprostranennyh-oshibok-nachinayushhih-massazhistov-i-kak-ih-izbezhat,35412,post,posts
https://shmmoscow.ru/sem-zapovedej-bogatogo-massazhista/,sem-zapovedej-bogatogo-massazhista,32800,post,posts
https://shmmoscow.ru/massazh-nog-pri-ploskostopii-vidy-i-tehniki/,massazh-nog-pri-ploskostopii-vidy-i-tehniki,34328,post,posts
https://shmmoscow.ru/obuchenie-reflektorno-ortopedicheskomu-massazhu-stop-i-goleni/,obuchenie-reflektorno-ortopedicheskomu-massazhu-stop-i-goleni,17615,post,posts
https://shmmoscow.ru/reflektornye-zony-na-stopah-i-ih-znachenie/,reflektornye-zony-na-stopah-i-ih-znachenie,34422,post,posts
https://shmmoscow.ru/reflektornyj-massazh-stop/,reflektornyj-massazh-stop,173,post,posts
https://shmmoscow.ru/5-luchshih-massazhnyh-tehnik-dlya-oblegcheniya-bolej-v-spine/,5-luchshih-massazhnyh-tehnik-dlya-oblegcheniya-bolej-v-spine,34443,post,posts
https://shmmoscow.ru/massazh-pri-bolyah-v-spine-kakie-tehniki-dejstvitelno-rabotayut/,massazh-pri-bolyah-v-spine-kakie-tehniki-dejstvitelno-rabotayut,34891,post,posts
https://shmmoscow.ru/massazh-pri-osteohondroze-kak-umenshit-bol-v-spine-i-shee-s-pomoshhyu-effektivnyh-metodov/,massazh-pri-osteohondroze-kak-umenshit-bol-v-spine-i-shee-s-pomoshhyu-effektivnyh-metodov,34068,post,posts
https://shmmoscow.ru/massazh-shei-pomoshh-pri-osteohondroze-i-napryazhenii/,massazh-shei-pomoshh-pri-osteohondroze-i-napryazhenii,34278,post,posts
https://shmmoscow.ru/effektivnye-metody-manualnoj-terapii-pri-golovnoj-boli-i-problemah-v-shejnom-otdele/,effektivnye-metody-manualnoj-terapii-pri-golovnoj-boli-i-problemah-v-shejnom-otdele,30787,post,posts
https://shmmoscow.ru/effektnye-i-bezopasnye-metody-manualnoj-terapii-poyasnichnyj-otdel-krestets-taz/,effektnye-i-bezopasnye-metody-manualnoj-terapii-poyasnichnyj-otdel-krestets-taz,30796,post,posts
https://shmmoscow.ru/ergonomika-rabochego-mesta-massazhista-kak-sohranit-zdorove-pri-intensivnoj-rabote/,ergonomika-rabochego-mesta-massazhista-kak-sohranit-zdorove-pri-intensivnoj-rabote,35438,post,posts
https://shmmoscow.ru/kak-massazh-mozhet-pomoch-pri-migreni-i-golovnyh-bolyah/,kak-massazh-mozhet-pomoch-pri-migreni-i-golovnyh-bolyah,34602,post,posts
https://shmmoscow.ru/kakoj-massazh-bolshe-vsego-podhodit-dlya-snyatiya-ofisnogo-napryazheniya/,kakoj-massazh-bolshe-vsego-podhodit-dlya-snyatiya-ofisnogo-napryazheniya,31372,post,posts
https://shmmoscow.ru/massazh-dlya-ofisnyh-rabotnikov-kak-spravitsya-s-napryazheniem/,massazh-dlya-ofisnyh-rabotnikov-kak-spravitsya-s-napryazheniem,34594,post,posts
https://shmmoscow.ru/massazh-shejno-vorotnikovoj-zony-2/,massazh-shejno-vorotnikovoj-zony-2,34244,post,posts
https://shmmoscow.ru/massazh-shejno-vorotnikovoj-zony-vash-put-k-zdorovyu-i-komfortu/,massazh-shejno-vorotnikovoj-zony-vash-put-k-zdorovyu-i-komfortu,33328,post,posts
https://shmmoscow.ru/privychka-kotoraya-vliyaet-na-vashe-zdorove-skreshhivanie-nog-pod-stolom/,privychka-kotoraya-vliyaet-na-vashe-zdorove-skreshhivanie-nog-pod-stolom,32826,post,posts
https://shmmoscow.ru/skolioz-u-detej-prichiny-simptomy-i-metody-lecheniya/,skolioz-u-detej-prichiny-simptomy-i-metody-lecheniya,33322,post,posts
https://shmmoscow.ru/snyatie-migreni-i-golovnyh-bolej-s-pomoshhyu-massazha-proverennye-metody/,snyatie-migreni-i-golovnyh-bolej-s-pomoshhyu-massazha-proverennye-metody,35228,post,posts
https://shmmoscow.ru/akusticheskoe-puteshestvie-master-klass-po-vibroakusticheskoj-terapii-dlya-razuma-dushi-i-tela/,akusticheskoe-puteshestvie-master-klass-po-vibroakusticheskoj-terapii-dlya-razuma-dushi-i-tela,31631,post,posts
https://shmmoscow.ru/aromaterapiya-i-massazh-kak-efirnye-masla-usilivayut-effekt-protsedury/,aromaterapiya-i-massazh-kak-efirnye-masla-usilivayut-effekt-protsedury,33567,post,posts
https://shmmoscow.ru/birmanskij-relaks-massazh-golovy/,birmanskij-relaks-massazh-golovy,29667,post,posts
https://shmmoscow.ru/kursy-ayurvedicheskogo-massazha/,kursy-ayurvedicheskogo-massazha,30722,post,posts
https://shmmoscow.ru/kursy-obucheniya-gavajskomu-massazhu/,kursy-obucheniya-gavajskomu-massazhu,7363,post,posts
https://shmmoscow.ru/kursy-stoun-massazha-stounterapiya/,kursy-stoun-massazha-stounterapiya,1621,post,posts
https://shmmoscow.ru/master-klass-s-efirnymi-maslami-doterra-i-demonstratsiej-tehniki-aroma-touch-massage/,master-klass-s-efirnymi-maslami-doterra-i-demonstratsiej-tehniki-aroma-touch-massage,29900,post,posts
https://shmmoscow.ru/obuchenie-rasslablyayushhemu-massazhu/,obuchenie-rasslablyayushhemu-massazhu,18359,post,posts
https://shmmoscow.ru/miofastsialnyj-massazh-osnovy-i-praktika-dlya-professionalov/,miofastsialnyj-massazh-osnovy-i-praktika-dlya-professionalov,34016,post,posts
https://shmmoscow.ru/detskij-massazh-zabota-i-razvitie-cherez-nezhnye-prikosnoveniya/,detskij-massazh-zabota-i-razvitie-cherez-nezhnye-prikosnoveniya,33775,post,posts
https://shmmoscow.ru/detskij-massazh-zabota-o-zdorove-i-garmonii-vashego-malysha/,detskij-massazh-zabota-o-zdorove-i-garmonii-vashego-malysha,32410,post,posts
https://shmmoscow.ru/detskij-ozdorovitelnyj-massazh-poleznye-priemy-dlya-detej-ot-1-do-7-let/,detskij-ozdorovitelnyj-massazh-poleznye-priemy-dlya-detej-ot-1-do-7-let,33594,post,posts
https://shmmoscow.ru/kursy-obucheniya-detskomu-massazhu/,kursy-obucheniya-detskomu-massazhu,2019,post,posts
https://shmmoscow.ru/massazh-dlya-detej-kogda-i-kak-nachinat-osnovnye-metodiki/,massazh-dlya-detej-kogda-i-kak-nachinat-osnovnye-metodiki,35431,post,posts
https://shmmoscow.ru/massazh-dlya-detej-polza-i-rekomendatsii-dlya-roditelej/,massazh-dlya-detej-polza-i-rekomendatsii-dlya-roditelej,34507,post,posts
https://shmmoscow.ru/massazh-dlya-detej-s-giperaktivnostyu-i-sdvg-kak-snizit-uroven-trevozhnosti/,massazh-dlya-detej-s-giperaktivnostyu-i-sdvg-kak-snizit-uroven-trevozhnosti,35426,post,posts
https://shmmoscow.ru/massazh-novorozhdennyh-v-domashnih-usloviyah-polnoe-rukovodstvo-dlya-roditelej/,massazh-novorozhdennyh-v-domashnih-usloviyah-polnoe-rukovodstvo-dlya-roditelej,33247,post,posts
https://shmmoscow.ru/massazh-posle-rodov-vosstanovlenie-i-polza/,massazh-posle-rodov-vosstanovlenie-i-polza,33787,post,posts
https://shmmoscow.ru/massazh-pri-kolikah-effektivnyj-sposob-oblegchit-diskomfort-u-mladentsev/,massazh-pri-kolikah-effektivnyj-sposob-oblegchit-diskomfort-u-mladentsev,33117,post,posts
https://shmmoscow.ru/massazh-zhivotika-pri-kolikah-2/,massazh-zhivotika-pri-kolikah-2,34750,post,posts
https://shmmoscow.ru/mify-o-detskom-massazhe-fakty-i-zabluzhdeniya/,mify-o-detskom-massazhe-fakty-i-zabluzhdeniya,34032,post,posts
https://shmmoscow.ru/stoit-li-obuchatsya-detskomu-massazhu-esli-uzhe-rabotaete-so-vzroslymi/,stoit-li-obuchatsya-detskomu-massazhu-esli-uzhe-rabotaete-so-vzroslymi,35336,post,posts
https://shmmoscow.ru/stoja-li-obuchatsya-detskomu-massazhu-esli-uzhe-rabotaete-so-vzroslymi/,stoja-li-obuchatsya-detskomu-massazhu-esli-uzhe-rabotaete-so-vzroslymi,,,
https://shmmoscow.ru/zachem-nuzhen-detskij-massazh-polza-tehniki-rezultaty/,zachem-nuzhen-detskij-massazh-polza-tehniki-rezultaty,34424,post,posts
https://shmmoscow.ru/iskusstvo-klassicheskij-massazh-protsess-tehniki-i-rezultat/,iskusstvo-klassicheskij-massazh-protsess-tehniki-i-rezultat,34147,post,posts
https://shmmoscow.ru/klassicheskij-massazh-2/,klassicheskij-massazh-2,26,post,posts
https://shmmoscow.ru/klassicheskij-massazh-bazovyj-kurs-modul-1/,klassicheskij-massazh-bazovyj-kurs-modul-1,31851,post,posts
https://shmmoscow.ru/klassicheskij-massazh-ot-a-do-ya-v-polzu-zdorovya-i-blagopoluchiya/,klassicheskij-massazh-ot-a-do-ya-v-polzu-zdorovya-i-blagopoluchiya,33761,post,posts
https://shmmoscow.ru/klassicheskij-massazh-spiny-tehniki-polza-i-rekomendatsii/,klassicheskij-massazh-spiny-tehniki-polza-i-rekomendatsii,32624,post,posts
https://shmmoscow.ru/kursy-massazha-otzyvy/,kursy-massazha-otzyvy,598,page,pages
https://shmmoscow.ru/shvedskij-massazh-iskusstvo-rasslableniya-i-ozdorovleniya/,shvedskij-massazh-iskusstvo-rasslableniya-i-ozdorovleniya,33310,post,posts
https://shmmoscow.ru/shvedskij-massazh-osnovnye-printsipy-i-tehniki/,shvedskij-massazh-osnovnye-printsipy-i-tehniki,34178,post,posts
https://shmmoscow.ru/vsyo-chto-vam-nuzhno-znat-o-shvedskom-massazhe-tehnika-polza-i-istoriya/,vsyo-chto-vam-nuzhno-znat-o-shvedskom-massazhe-tehnika-polza-i-istoriya,33147,post,posts
https://shmmoscow.ru/kursy-miofastsialnogo-massazha-litsa/,kursy-miofastsialnogo-massazha-litsa,9354,post,posts
https://shmmoscow.ru/osobennosti-rasslablyayushhego-massazha-i-chem-on-otlichaetsya-ot-klassicheskogo-massazha/,osobennosti-rasslablyayushhego-massazha-i-chem-on-otlichaetsya-ot-klassicheskogo-massazha,33288,post,posts
https://shmmoscow.ru/rasslablyayushhij-massazh-priemy-i-tehniki/,rasslablyayushhij-massazh-priemy-i-tehniki,33519,post,posts
https://shmmoscow.ru/censitivno-eroticheskij-massazh/,censitivno-eroticheskij-massazh,12768,post,posts
https://shmmoscow.ru/kursy-sensitivno-eroticheskogo-massazha/,kursy-sensitivno-eroticheskogo-massazha,3541,post,posts
https://shmmoscow.ru/sensitivno-eroticheskij-massazh-img_0215/,sensitivno-eroticheskij-massazh-img_0215,,,
https://shmmoscow.ru/frantsuzskij-modeliruyushhij-massazh-beau-visage-et-beau-corps/,frantsuzskij-modeliruyushhij-massazh-beau-visage-et-beau-corps,30284,post,posts
https://shmmoscow.ru/kursy-bukkalnogo-massazha/,kursy-bukkalnogo-massazha,7707,post,posts
https://shmmoscow.ru/kursy-ispanskogo-hiromassazha-doktora-ferrandisa/,kursy-ispanskogo-hiromassazha-doktora-ferrandisa,7729,post,posts
https://shmmoscow.ru/kursy-po-kompleksnomu-skulpturnomu-massazhu-litsa/,kursy-po-kompleksnomu-skulpturnomu-massazhu-litsa,3068,post,posts
https://shmmoscow.ru/marokkanskij-modeliruyushhij-massazh-litsa/,marokkanskij-modeliruyushhij-massazh-litsa,29631,post,posts
https://shmmoscow.ru/massazh-litsa-protiv-morshhin/,massazh-litsa-protiv-morshhin,36405,post,posts
https://shmmoscow.ru/obuchenie-ispanskomu-hiromassazhu-litsa-2/,obuchenie-ispanskomu-hiromassazhu-litsa-2,18382,post,posts
https://shmmoscow.ru/obuchenie-kursu-3d-modelirovanie-litsa/,obuchenie-kursu-3d-modelirovanie-litsa,13178,post,posts
https://shmmoscow.ru/plasticheskij-massazh-litsa-professionalnaya-tehnika-dlya-omolozheniya-i-zdorovya-kozhi/,plasticheskij-massazh-litsa-professionalnaya-tehnika-dlya-omolozheniya-i-zdorovya-kozhi,33266,post,posts
https://shmmoscow.ru/provedenie-massazha-litsa-posle-50-metodiki-i-rekomendatsii/,provedenie-massazha-litsa-posle-50-metodiki-i-rekomendatsii,34303,post,posts
https://shmmoscow.ru/skulpturnyj-massazh-litsa-chto-eto-takoe-i-v-chem-ego-preimushhestva/,skulpturnyj-massazh-litsa-chto-eto-takoe-i-v-chem-ego-preimushhestva,33200,post,posts
https://shmmoscow.ru/skulpturnyj-massazh-litsa-tehnika-protsess-i-rezultaty/,skulpturnyj-massazh-litsa-tehnika-protsess-i-rezultaty,34196,post,posts
https://shmmoscow.ru/tehnika-yaponskogo-massazha-litsa-kobido-put-k-molodosti-i-zdorovyu/,tehnika-yaponskogo-massazha-litsa-kobido-put-k-molodosti-i-zdorovyu,33094,post,posts
https://shmmoscow.ru/yaponskij-massazh-litsa-kobido/,yaponskij-massazh-litsa-kobido,143,post,posts
https://shmmoscow.ru/massazh-i-detoksikatsiya-kak-massazh-pomogaet-v-ochishhenii-organizma/,massazh-i-detoksikatsiya-kak-massazh-pomogaet-v-ochishhenii-organizma,34372,post,posts
https://shmmoscow.ru/massazh-i-detoksikatsiya-kak-stimulirovat-vyvod-toksinov-iz-organizma/,massazh-i-detoksikatsiya-kak-stimulirovat-vyvod-toksinov-iz-organizma,35415,post,posts
https://shmmoscow.ru/massazh-i-joga-praktiki-dlya-zdorovya-i-garmonii/,massazh-i-joga-praktiki-dlya-zdorovya-i-garmonii,34704,post,posts
https://shmmoscow.ru/massazh-i-zdorovoe-pitanie-kak-sovmestit-dlya-maksimalnogo-effekta/,massazh-i-zdorovoe-pitanie-kak-sovmestit-dlya-maksimalnogo-effekta,34577,post,posts
https://shmmoscow.ru/optimizatsiya-figury-effektivnye-metody-umensheniya-obema-beder-i-ustraneniya-problemy-galife/,optimizatsiya-figury-effektivnye-metody-umensheniya-obema-beder-i-ustraneniya-problemy-galife,34086,post,posts
https://shmmoscow.ru/pohudenie-s-pomoshhyu-massazha-kak-vybrat-pravilnuyu-tehniku/,pohudenie-s-pomoshhyu-massazha-kak-vybrat-pravilnuyu-tehniku,34461,post,posts
https://shmmoscow.ru/stadii-tsellyulita-vidy-i-metody-lecheniya/,stadii-tsellyulita-vidy-i-metody-lecheniya,36525,post,posts
https://shmmoscow.ru/tehniki-massazha-dlya-snizheniya-vesa-kakoj-vybrat/,tehniki-massazha-dlya-snizheniya-vesa-kakoj-vybrat,34288,post,posts
https://shmmoscow.ru/akupunkturnyj-massazh-metodika-vypolneniya-kitajskogo-massazha/,akupunkturnyj-massazh-metodika-vypolneniya-kitajskogo-massazha,34314,post,posts
https://shmmoscow.ru/apparatnye-tehniki/,apparatnye-tehniki,30872,post,posts
https://shmmoscow.ru/besplatnoe-zanyatie/,besplatnoe-zanyatie,28547,page,pages
https://shmmoscow.ru/besplatnyj-urok/,besplatnyj-urok,19,page,pages
https://shmmoscow.ru/bezlimitnyj-abonement-na-obuchenie/,bezlimitnyj-abonement-na-obuchenie,36509,page,pages
https://shmmoscow.ru/cases/,cases,14435,page,pages
https://shmmoscow.ru/chto-takoe-individualnoe-obuchenie/,chto-takoe-individualnoe-obuchenie,3366,post,posts
https://shmmoscow.ru/kak-vybrat-podhodyashhij-tip-massazha-v-zavisimosti-ot-potrebnostej-klienta/,kak-vybrat-podhodyashhij-tip-massazha-v-zavisimosti-ot-potrebnostej-klienta,33154,post,posts
https://shmmoscow.ru/kitajskij-massazh-istselyayushhaya-traditsiya-drevnego-kitaya/,kitajskij-massazh-istselyayushhaya-traditsiya-drevnego-kitaya,33241,post,posts
https://shmmoscow.ru/kursy-anatomii-dlya-massazhistov-myshtsy-tela-2/,kursy-anatomii-dlya-massazhistov-myshtsy-tela-2,8990,post,posts
https://shmmoscow.ru/kursy-anatomii-dlya-massazhistov-myshtsy-tela/,kursy-anatomii-dlya-massazhistov-myshtsy-tela,7768,post,posts
https://shmmoscow.ru/kursy-daosskogo-massazha-tsi-nej-tszan/,kursy-daosskogo-massazha-tsi-nej-tszan,8457,post,posts
https://shmmoscow.ru/kursy-i-seminary-v-shkole-masterov-massazha/,kursy-i-seminary-v-shkole-masterov-massazha,2867,page,pages
https://shmmoscow.ru/kursy-obucheniya-massazhu-po-zhake/,kursy-obucheniya-massazhu-po-zhake,11050,post,posts
https://shmmoscow.ru/kursy-ognennogo-massazha/,kursy-ognennogo-massazha,8993,post,posts
https://shmmoscow.ru/massazh-dlya-beremennyh-mify-i-realnost/,massazh-dlya-beremennyh-mify-i-realnost,33614,post,posts
https://shmmoscow.ru/massazh-dlya-beremennyh-osobennosti-i-preimushhestva/,massazh-dlya-beremennyh-osobennosti-i-preimushhestva,33586,post,posts
https://shmmoscow.ru/massazh-i-beremennost-bezopasnye-tehniki-dlya-budushhih-mam/,massazh-i-beremennost-bezopasnye-tehniki-dlya-budushhih-mam,34619,post,posts
https://shmmoscow.ru/massazh-pri-beremennosti-polza-tehniki-i-rekomendatsii-ot-ekspertov/,massazh-pri-beremennosti-polza-tehniki-i-rekomendatsii-ot-ekspertov,33124,post,posts
https://shmmoscow.ru/master-massazha-litsa/,master-massazha-litsa,26626,page,pages
https://shmmoscow.ru/obuchayushhaya-programma-po-telesno-orientirovannym-podhodam/,obuchayushhaya-programma-po-telesno-orientirovannym-podhodam,30129,post,posts
https://shmmoscow.ru/obuchayushhie-kursy-miofastsialnomu-massazhu-tela-2/,obuchayushhie-kursy-miofastsialnomu-massazhu-tela-2,19954,post,posts
https://shmmoscow.ru/obuchayushhie-seminary-v-shkole-masterov-massazha/,obuchayushhie-seminary-v-shkole-masterov-massazha,9496,page,pages
https://shmmoscow.ru/obuchenie-massazhu-bez-meditsinskogo-obrazovaniya-vozmozhnosti-i-perspektivy/,obuchenie-massazhu-bez-meditsinskogo-obrazovaniya-vozmozhnosti-i-perspektivy,34224,post,posts
https://shmmoscow.ru/obuchenie-massazhu-kak-stat-professionalnym-massazhistom/,obuchenie-massazhu-kak-stat-professionalnym-massazhistom,34489,post,posts
https://shmmoscow.ru/obuchenie-massazhu-kak-vybrat-kurs-kotoryj-sootvetstvuet-vashim-tselyam/,obuchenie-massazhu-kak-vybrat-kurs-kotoryj-sootvetstvuet-vashim-tselyam,35392,post,posts
https://shmmoscow.ru/obuchenie-tajskomu-massazhu/,obuchenie-tajskomu-massazhu,17584,post,posts
https://shmmoscow.ru/obuchenie-vostochnym-tehnikam-massazha/,obuchenie-vostochnym-tehnikam-massazha,9501,page,pages
https://shmmoscow.ru/pochemu-beremennym-zhenshhinam-ne-rekomenduetsya-delat-massazh-stop-i-kakie-eshhe-est-protivopokazaniya/,pochemu-beremennym-zhenshhinam-ne-rekomenduetsya-delat-massazh-stop-i-kakie-eshhe-est-protivopokazaniya,34234,post,posts
https://shmmoscow.ru/sportivnyj-massazh-podderzhanie-myshechnogo-tonusa-i-profilaktika-travm/,sportivnyj-massazh-podderzhanie-myshechnogo-tonusa-i-profilaktika-travm,34167,post,posts
https://shmmoscow.ru/sportivnyj-massazh-preimushhestva-tehniki-i-vliyanie-na-proizvoditelnost/,sportivnyj-massazh-preimushhestva-tehniki-i-vliyanie-na-proizvoditelnost,32867,post,posts
https://shmmoscow.ru/chto-takoe-vip-gruppa/,chto-takoe-vip-gruppa,3363,post,posts
https://shmmoscow.ru/gruppovaya-forma-obucheniya/,gruppovaya-forma-obucheniya,3360,post,posts
https://shmmoscow.ru/kak-izbezhat-vygoraniya-massazhistu-sovety-i-rekomendatsii/,kak-izbezhat-vygoraniya-massazhistu-sovety-i-rekomendatsii,34308,post,posts
https://shmmoscow.ru/kak-soblyudenie-eticheskih-printsipov-povyshaet-professionalizm-massazhista/,kak-soblyudenie-eticheskih-printsipov-povyshaet-professionalizm-massazhista,33708,post,posts
https://shmmoscow.ru/kakie-talanty-nuzhny-dlya-uspeshnoj-karery-massazhista/,kakie-talanty-nuzhny-dlya-uspeshnoj-karery-massazhista,35299,post,posts
https://shmmoscow.ru/kakim-dolzhen-byt-master-massazha-klyuchevye-kachestva-i-navyki/,kakim-dolzhen-byt-master-massazha-klyuchevye-kachestva-i-navyki,33221,post,posts
https://shmmoscow.ru/kakoj-tonus-myshts-nazyvayut-normalnym-putevoditel-dlya-budushhih-massazhistov/,kakoj-tonus-myshts-nazyvayut-normalnym-putevoditel-dlya-budushhih-massazhistov,32818,post,posts
https://shmmoscow.ru/nutritsiologiya-dlya-spetsialistov-po-massazhu/,nutritsiologiya-dlya-spetsialistov-po-massazhu,29118,post,posts
https://shmmoscow.ru/obzor-massazhnyh-sredstv-i-oborudovaniya-chto-vybrat-dlya-doma-i-raboty/,obzor-massazhnyh-sredstv-i-oborudovaniya-chto-vybrat-dlya-doma-i-raboty,35112,post,posts
https://shmmoscow.ru/osnovy-anatomii-dlya-massazhistov-chto-nuzhno-znat/,osnovy-anatomii-dlya-massazhistov-chto-nuzhno-znat,34558,post,posts
https://shmmoscow.ru/tipy-lichnosti-prikladnye-modeli-dlya-professionalnoj-i-povsednevnoj-zhizni/,tipy-lichnosti-prikladnye-modeli-dlya-professionalnoj-i-povsednevnoj-zhizni,29906,post,posts
https://shmmoscow.ru/tipy-massazhnyh-stolov-i-kak-vybrat-podhodyashhij/,tipy-massazhnyh-stolov-i-kak-vybrat-podhodyashhij,35743,post,posts
https://shmmoscow.ru/vostrebovannost-massazhistov/,vostrebovannost-massazhistov,782,page,pages
https://shmmoscow.ru/ya-boyus-delat-lyudyam-massazh-delayu-tolko-svoim-kak-preodolet-strah-i-razvit-uverennost/,ya-boyus-delat-lyudyam-massazh-delayu-tolko-svoim-kak-preodolet-strah-i-razvit-uverennost,34103,post,posts
https://shmmoscow.ru/zabota-o-sobstvennom-zdorove-massazhista-profilaktika-professionalnyh-zabolevanij/,zabota-o-sobstvennom-zdorove-massazhista-profilaktika-professionalnyh-zabolevanij,34525,post,posts
https://shmmoscow.ru/vodoroslevoe-obertyvanie-sekrety-omolozheniya-i-ozdorovleniya/,vodoroslevoe-obertyvanie-sekrety-omolozheniya-i-ozdorovleniya,33363,post,posts
https://shmmoscow.ru/yaponskaya-tehnika-liftinga-otkrojte-put-k-estestvennoj-molodosti-i-krasote/,yaponskaya-tehnika-liftinga-otkrojte-put-k-estestvennoj-molodosti-i-krasote,32837,post,posts
https://shmmoscow.ru/massazh-dlya-lyudej-s-osobymi-potrebnostyami-vidy-i-rezultaty/,massazh-dlya-lyudej-s-osobymi-potrebnostyami-vidy-i-rezultaty,34655,post,posts
https://shmmoscow.ru/massazh-pri-ozhirenii-effektivnye-metodiki-i-preimushhestva/,massazh-pri-ozhirenii-effektivnye-metodiki-i-preimushhestva,33562,post,posts
https://shmmoscow.ru/massazh-pri-posledstviyah-travmy-organov-dvizheniya-put-k-vosstanovleniyu/,massazh-pri-posledstviyah-travmy-organov-dvizheniya-put-k-vosstanovleniyu,33541,post,posts
https://shmmoscow.ru/metodika-provedeniya-massazha/,metodika-provedeniya-massazha,30973,post,posts
https://shmmoscow.ru/mify-i-fakty-o-vakuumnom-massazhe-razbiraem-populyarnye-zabluzhdeniya/,mify-i-fakty-o-vakuumnom-massazhe-razbiraem-populyarnye-zabluzhdeniya,34024,post,posts
https://shmmoscow.ru/myagkie-manualnye-tehniki-kotorye-podhodyat-vsem/,myagkie-manualnye-tehniki-kotorye-podhodyat-vsem,29031,post,posts
https://shmmoscow.ru/osobennosti-raboty-massazhista-s-klientami-s-ozhireniem/,osobennosti-raboty-massazhista-s-klientami-s-ozhireniem,35524,post,posts
https://shmmoscow.ru/postizometricheskaya-relaksatsiya-myshts/,postizometricheskaya-relaksatsiya-myshts,6798,post,posts
https://shmmoscow.ru/sekrety-professionalnyh-massazhistov-lajfhaki-i-sovety/,sekrety-professionalnyh-massazhistov-lajfhaki-i-sovety,35220,post,posts
https://shmmoscow.ru/tehniki-massazha-dlya-lyudej-s-ogranichennymi-vozmozhnostyami/,tehniki-massazha-dlya-lyudej-s-ogranichennymi-vozmozhnostyami,35428,post,posts
https://shmmoscow.ru/chto-delat-esli-posle-massazha-usililis-bolevye-oshhushheniya/,chto-delat-esli-posle-massazha-usililis-bolevye-oshhushheniya,35520,post,posts
https://shmmoscow.ru/chto-proishodit-v-zabitoj-myshtse/,chto-proishodit-v-zabitoj-myshtse,33500,post,posts
https://shmmoscow.ru/daosskij-massazh-sekrety-drevnego-iskusstva-dlya-sovremennoj-zhizni/,daosskij-massazh-sekrety-drevnego-iskusstva-dlya-sovremennoj-zhizni,33261,post,posts
https://shmmoscow.ru/dopustim-li-massazh-pri-zabolevaniyah-shhitovidnoj-zhelezy-mify-i-realnost/,dopustim-li-massazh-pri-zabolevaniyah-shhitovidnoj-zhelezy-mify-i-realnost,33213,post,posts
https://shmmoscow.ru/dopustim-li-massazh-pri-zabolevaniyah-shhitovidnoj-zhelezy/,dopustim-li-massazh-pri-zabolevaniyah-shhitovidnoj-zhelezy,34539,post,posts
https://shmmoscow.ru/effektivnye-metody-massazha-pri-boleznyah-oporno-dvigatelnogo-apparata/,effektivnye-metody-massazha-pri-boleznyah-oporno-dvigatelnogo-apparata,32498,post,posts
https://shmmoscow.ru/energeticheskij-massazh-balansirovka-chakr-i-rabota-s-energeticheskimi-polyami/,energeticheskij-massazh-balansirovka-chakr-i-rabota-s-energeticheskimi-polyami,35090,post,posts
https://shmmoscow.ru/energeticheskij-massazh-issleduem-vliyanie-na-telo-i-razum/,energeticheskij-massazh-issleduem-vliyanie-na-telo-i-razum,33664,post,posts
https://shmmoscow.ru/glubokoe-ponimanie-miofastsialnogo-massazha-tehnika-preimushhestva-i-primenenie/,glubokoe-ponimanie-miofastsialnogo-massazha-tehnika-preimushhestva-i-primenenie,33423,post,posts
https://shmmoscow.ru/holisticheskij-massazh/,holisticheskij-massazh,29003,post,posts
https://shmmoscow.ru/holisticheskij-podhod-k-pulsatsii-osnovy-i-praktika-dlya-budushhih-massazhistov/,holisticheskij-podhod-k-pulsatsii-osnovy-i-praktika-dlya-budushhih-massazhistov,33730,post,posts
https://shmmoscow.ru/indijskij-massazh-istselyayushhee-iskusstvo-drevnej-traditsii/,indijskij-massazh-istselyayushhee-iskusstvo-drevnej-traditsii,33341,post,posts
https://shmmoscow.ru/iskusstvo-massazha-dlya-par-kak-klyuch-k-garmonichnym-otnosheniyam/,iskusstvo-massazha-dlya-par-kak-klyuch-k-garmonichnym-otnosheniyam,33794,post,posts
https://shmmoscow.ru/iskusstvo-massazha-nog-tehniki-preimushhestva-i-prakticheskie-sovety/,iskusstvo-massazha-nog-tehniki-preimushhestva-i-prakticheskie-sovety,33416,post,posts
https://shmmoscow.ru/iskusstvo-shiatsu-yaponskij-massazh-dlya-garmonii-i-zdorovya/,iskusstvo-shiatsu-yaponskij-massazh-dlya-garmonii-i-zdorovya,33976,post,posts
https://shmmoscow.ru/iskusstvo-vostochnogo-massazha-traditsii-tehniki-i-vygody/,iskusstvo-vostochnogo-massazha-traditsii-tehniki-i-vygody,33946,post,posts
https://shmmoscow.ru/ispanskij-massazh-iskusstvo-i-nauka-dlya-sovremennyh-spetsialistov/,ispanskij-massazh-iskusstvo-i-nauka-dlya-sovremennyh-spetsialistov,33111,post,posts
https://shmmoscow.ru/istoriya-i-evolyutsiya-massazha-kak-eto-iskusstvo-razvivalos-so-vremenem/,istoriya-i-evolyutsiya-massazha-kak-eto-iskusstvo-razvivalos-so-vremenem,33675,post,posts
https://shmmoscow.ru/kak-izbezhat-boli-i-sinyakov-posle-massazha/,kak-izbezhat-boli-i-sinyakov-posle-massazha,35753,post,posts
https://shmmoscow.ru/kak-massazh-mozhet-pomoch-pri-hronicheskih-bolyah-i-zabolevaniyah/,kak-massazh-mozhet-pomoch-pri-hronicheskih-bolyah-i-zabolevaniyah,34569,post,posts
https://shmmoscow.ru/kak-massazh-pomogaet-pri-bessonnitse-polnoe-rukovodstvo/,kak-massazh-pomogaet-pri-bessonnitse-polnoe-rukovodstvo,33185,post,posts
https://shmmoscow.ru/kak-massazh-pomogaet-prodlit-molodost/,kak-massazh-pomogaet-prodlit-molodost,32789,post,posts
https://shmmoscow.ru/kak-massazh-vliyaet-na-mikroklimat-v-seme/,kak-massazh-vliyaet-na-mikroklimat-v-seme,33579,post,posts
https://shmmoscow.ru/kak-massazh-vliyaet-na-sintez-endorfinov-nauchnyj-podhod-i-prakticheskaya-polza/,kak-massazh-vliyaet-na-sintez-endorfinov-nauchnyj-podhod-i-prakticheskaya-polza,33295,post,posts
https://shmmoscow.ru/kak-podgotovit-telo-k-massazhu-vazhnye-shagi-pered-protseduroj/,kak-podgotovit-telo-k-massazhu-vazhnye-shagi-pered-protseduroj,35387,post,posts
https://shmmoscow.ru/kosmeticheskij-massazh-iskusstvo-i-nauka-omolozheniya/,kosmeticheskij-massazh-iskusstvo-i-nauka-omolozheniya,32760,post,posts
https://shmmoscow.ru/massazh-dlya-uluchsheniya-krovoobrashheniya-osnovnye-tehniki-i-ih-polza/,massazh-dlya-uluchsheniya-krovoobrashheniya-osnovnye-tehniki-i-ih-polza,33732,post,posts
https://shmmoscow.ru/massazh-i-allergii-kak-massazh-mozhet-pomoch/,massazh-i-allergii-kak-massazh-mozhet-pomoch,34588,post,posts
https://shmmoscow.ru/massazh-i-gormonalnyj-balans-mify-i-fakty/,massazh-i-gormonalnyj-balans-mify-i-fakty,34608,post,posts
https://shmmoscow.ru/massazh-i-psihosomatika-kak-fizicheskoe-vozdejstvie-pomogaet-spravitsya-s-emotsionalnymi-problemami/,massazh-i-psihosomatika-kak-fizicheskoe-vozdejstvie-pomogaet-spravitsya-s-emotsionalnymi-problemami,34667,post,posts
https://shmmoscow.ru/massazh-i-vozrastnye-izmeneniya-kak-podderzhat-zdorove-posle-50-let/,massazh-i-vozrastnye-izmeneniya-kak-podderzhat-zdorove-posle-50-let,35526,post,posts
https://shmmoscow.ru/massazh-kak-metod-stress-menedzhmenta-kak-spravitsya-s-povsednevnym-napryazheniem/,massazh-kak-metod-stress-menedzhmenta-kak-spravitsya-s-povsednevnym-napryazheniem,34172,post,posts
https://shmmoscow.ru/massazh-nog-polza-tehniki-i-rekomendatsii/,massazh-nog-polza-tehniki-i-rekomendatsii,33958,post,posts
https://shmmoscow.ru/massazh-nog-tehniki-preimushhestva-i-prakticheskie-sovety/,massazh-nog-tehniki-preimushhestva-i-prakticheskie-sovety,34063,post,posts
https://shmmoscow.ru/massazh-pri-depressii-podderzhka-i-oblegchenie-simptomov/,massazh-pri-depressii-podderzhka-i-oblegchenie-simptomov,35105,post,posts
https://shmmoscow.ru/massazh-pri-saharnom-diabete-polza-osobennosti-i-rekomendatsii/,massazh-pri-saharnom-diabete-polza-osobennosti-i-rekomendatsii,33282,post,posts
https://shmmoscow.ru/massazh-pri-zabolevaniyah-pishhevaritelnoj-sistemy-tehniki-i-polza/,massazh-pri-zabolevaniyah-pishhevaritelnoj-sistemy-tehniki-i-polza,33555,post,posts
https://shmmoscow.ru/massazh-protiv-stressa-kak-izbavitsya-ot-napryazheniya/,massazh-protiv-stressa-kak-izbavitsya-ot-napryazheniya,33600,post,posts
https://shmmoscow.ru/massazh-ruk-tehniki-preimushhestva-i-prakticheskie-sovety/,massazh-ruk-tehniki-preimushhestva-i-prakticheskie-sovety,34056,post,posts
https://shmmoscow.ru/massazh-tochek-dlya-glaz-uluchshenie-zreniya-i-snyatie-napryazheniya/,massazh-tochek-dlya-glaz-uluchshenie-zreniya-i-snyatie-napryazheniya,33207,post,posts
https://shmmoscow.ru/massazh-zhivota-drevnyaya-praktika-dlya-sovremennogo-zdorovya/,massazh-zhivota-drevnyaya-praktika-dlya-sovremennogo-zdorovya,32752,post,posts
https://shmmoscow.ru/massazh-zhivota-pri-zapore-effektivnye-metodiki-dlya-uluchsheniya-peristaltiki-kishechnika/,massazh-zhivota-pri-zapore-effektivnye-metodiki-dlya-uluchsheniya-peristaltiki-kishechnika,33435,post,posts
https://shmmoscow.ru/massazh-zhivota-put-k-zdorovyu-i-garmonii/,massazh-zhivota-put-k-zdorovyu-i-garmonii,33348,post,posts
https://shmmoscow.ru/massazh-zhivota-vliyanie-i-primenenie-v-zdorove-i-uhode/,massazh-zhivota-vliyanie-i-primenenie-v-zdorove-i-uhode,34213,post,posts
https://shmmoscow.ru/ofisnyj-massazh-uluchshenie-samochuvstviya-i-produktivnosti-sotrudnikov/,ofisnyj-massazh-uluchshenie-samochuvstviya-i-produktivnosti-sotrudnikov,33195,post,posts
https://shmmoscow.ru/osobennosti-massazha-pri-beremennosti/,osobennosti-massazha-pri-beremennosti,31767,post,posts
https://shmmoscow.ru/pochemu-massazh-dolzhen-byt-regulyarnoj-protseduroj/,pochemu-massazh-dolzhen-byt-regulyarnoj-protseduroj,35746,post,posts
https://shmmoscow.ru/populyarnye-mify-o-massazhe-chto-pravda-a-chto-vymysel/,populyarnye-mify-o-massazhe-chto-pravda-a-chto-vymysel,35098,post,posts
https://shmmoscow.ru/probuzhdenie-vnutrennej-sily/,probuzhdenie-vnutrennej-sily,30579,post,posts
https://shmmoscow.ru/put-k-komfortu-massazh-dlya-pozhilyh-lyudej/,put-k-komfortu-massazh-dlya-pozhilyh-lyudej,33547,post,posts
https://shmmoscow.ru/rabota-s-fastsiej-vazhnost-i-metodika-rastyazheniya/,rabota-s-fastsiej-vazhnost-i-metodika-rastyazheniya,35896,post,posts
https://shmmoscow.ru/rasslablyayushhij-massazh-nog-klyuch-k-zdorovyu-i-komfortu/,rasslablyayushhij-massazh-nog-klyuch-k-zdorovyu-i-komfortu,32660,post,posts
https://shmmoscow.ru/rasslablyayushhij-massazh-nog-stupni-i-goleni/,rasslablyayushhij-massazh-nog-stupni-i-goleni,34114,post,posts
https://shmmoscow.ru/rasslablyayushhij-massazh-polza-i-sovremennye-podhody/,rasslablyayushhij-massazh-polza-i-sovremennye-podhody,34350,post,posts
https://shmmoscow.ru/raznye-vidy-massazha-dlya-raznyh-tipov-teloslozheniya-individualnyj-podhod/,raznye-vidy-massazha-dlya-raznyh-tipov-teloslozheniya-individualnyj-podhod,35418,post,posts
https://shmmoscow.ru/rol-massazha-v-vosstanovlenii-posle-trenirovok/,rol-massazha-v-vosstanovlenii-posle-trenirovok,34617,post,posts
https://shmmoscow.ru/shiatsu-traditsionnaya-yaponskaya-tehnika-massazha/,shiatsu-traditsionnaya-yaponskaya-tehnika-massazha,34270,post,posts
https://shmmoscow.ru/sinyaki-posle-massazha-prichiny-i-metody-ih-predotvrashheniya/,sinyaki-posle-massazha-prichiny-i-metody-ih-predotvrashheniya,34075,post,posts
https://shmmoscow.ru/tajskij-massazh-drevnee-iskusstvo-dlya-sovremennogo-mira/,tajskij-massazh-drevnee-iskusstvo-dlya-sovremennogo-mira,33172,post,posts
https://shmmoscow.ru/tajskij-massazh-opisanie-i-tehnika-vypolneniya/,tajskij-massazh-opisanie-i-tehnika-vypolneniya,33509,post,posts
https://shmmoscow.ru/tajskij-massazh-osnovy-printsipy-tehniki/,tajskij-massazh-osnovy-printsipy-tehniki,,,
https://shmmoscow.ru/tajskij-massazh-putevoditel-v-mir-drevnego-iskusstva/,tajskij-massazh-putevoditel-v-mir-drevnego-iskusstva,32612,post,posts
https://shmmoscow.ru/terapiya-ognem-printsipy-rezultaty-i-tehniki/,terapiya-ognem-printsipy-rezultaty-i-tehniki,34093,post,posts
https://shmmoscow.ru/tochechnyj-massazh-effektivnye-tehniki-i-primenenie-v-praktike-massazha/,tochechnyj-massazh-effektivnye-tehniki-i-primenenie-v-praktike-massazha,33690,post,posts
https://shmmoscow.ru/tochechnyj-massazh-iskusstvo-istseleniya-i-omolozheniya/,tochechnyj-massazh-iskusstvo-istseleniya-i-omolozheniya,33316,post,posts
https://shmmoscow.ru/trendy-v-mire-massazha-novye-tehniki-i-podhody/,trendy-v-mire-massazha-novye-tehniki-i-podhody,34514,post,posts
https://shmmoscow.ru/triggernye-tochki-kak-pravilno-ih-massirovat-dlya-oblegcheniya-boli/,triggernye-tochki-kak-pravilno-ih-massirovat-dlya-oblegcheniya-boli,35257,post,posts
https://shmmoscow.ru/triggernye-tochki-myshts-chto-eto-takoe-i-kak-s-nimi-rabotat/,triggernye-tochki-myshts-chto-eto-takoe-i-kak-s-nimi-rabotat,33133,post,posts
https://shmmoscow.ru/vibratsionnye-tehniki-v-massazhe-kogda-i-kak-ih-ispolzovat/,vibratsionnye-tehniki-v-massazhe-kogda-i-kak-ih-ispolzovat,33158,post,posts
https://shmmoscow.ru/vliyanie-gormonov-na-organizm-i-rol-massazha-v-ih-regulyatsii/,vliyanie-gormonov-na-organizm-i-rol-massazha-v-ih-regulyatsii,33987,post,posts
https://shmmoscow.ru/vliyanie-massazha-na-endokrinnuyu-regulyatsiyu-gormony/,vliyanie-massazha-na-endokrinnuyu-regulyatsiyu-gormony,34362,post,posts
https://shmmoscow.ru/vse-o-massazhe-dlya-nachinayushhih-rukovodstvo-ot-shkoly-massazha/,vse-o-massazhe-dlya-nachinayushhih-rukovodstvo-ot-shkoly-massazha,32692,post,posts
https://shmmoscow.ru/zabitye-myshtsy-prichiny-posledstviya-i-resheniya/,zabitye-myshtsy-prichiny-posledstviya-i-resheniya,32642,post,posts
https://shmmoscow.ru/zamenyat-li-elektronnye-massazhery-ruchnoj-massazh-2/,zamenyat-li-elektronnye-massazhery-ruchnoj-massazh-2,33256,post,posts
https://shmmoscow.ru/kakie-problemy-reshaet-kompleksnyj-massazh-litsa/,kakie-problemy-reshaet-kompleksnyj-massazh-litsa,33576,post,posts
https://shmmoscow.ru/kursy-massazha-litsa/,kursy-massazha-litsa,1024,post,posts
https://shmmoscow.ru/master-klass-po-massazhu-litsa/,master-klass-po-massazhu-litsa,16159,post,posts
https://shmmoscow.ru/pochemu-vazhen-kompleksnyj-podhod-k-massazhu-litsa-i-shei/,pochemu-vazhen-kompleksnyj-podhod-k-massazhu-litsa-i-shei,34107,post,posts
https://shmmoscow.ru/preimushhestva-raboty-massazhistom-litsa/,preimushhestva-raboty-massazhistom-litsa,34231,post,posts
https://shmmoscow.ru/chto-takoe-halyus-valgus-i-kak-s-nim-borotsya-s-pomoshhyu-massazha/,chto-takoe-halyus-valgus-i-kak-s-nim-borotsya-s-pomoshhyu-massazha,33163,post,posts
https://shmmoscow.ru/kakie-tehniki-massazha-stop-samye-effektivnye-dlya-snyatiya-napryazheniya-i-ustalosti/,kakie-tehniki-massazha-stop-samye-effektivnye-dlya-snyatiya-napryazheniya-i-ustalosti,33406,post,posts
https://shmmoscow.ru/massazh-stop-s-primeneniem-tejpirovaniya-effektivnost-i-rezultaty/,massazh-stop-s-primeneniem-tejpirovaniya-effektivnost-i-rezultaty,35894,post,posts
https://shmmoscow.ru/tehniki-massazha-s-goryachimi-kamnyami-i-travyanymi-meshochkami-dlya-stop/,tehniki-massazha-s-goryachimi-kamnyami-i-travyanymi-meshochkami-dlya-stop,33486,post,posts
https://shmmoscow.ru/tejpirovanie-pri-diastaze-i-posle-kesareva-mif-ili-pravda/,tejpirovanie-pri-diastaze-i-posle-kesareva-mif-ili-pravda,35279,post,posts
https://shmmoscow.ru/tejpirovanie-tela-effektivnoe-sredstvo-dlya-vosstanovleniya-i-podderzhki-zdorovya/,tejpirovanie-tela-effektivnoe-sredstvo-dlya-vosstanovleniya-i-podderzhki-zdorovya,33368,post,posts
https://shmmoscow.ru/tejpirovanie-tela-effektivnye-tehniki-i-preimushhestva/,tejpirovanie-tela-effektivnye-tehniki-i-preimushhestva,34403,post,posts
https://shmmoscow.ru/tejpirovanie-zhivota-dlya-pohudeniya-pravila-i-shemy-2/,tejpirovanie-zhivota-dlya-pohudeniya-pravila-i-shemy-2,32603,post,posts
https://shmmoscow.ru/tejpirovanie-zhivota-dlya-pohudeniya-pravila-i-shemy/,tejpirovanie-zhivota-dlya-pohudeniya-pravila-i-shemy,31365,post,posts
https://shmmoscow.ru/kursy-kineziotejpirovanie-nachalnyj-uroven/,kursy-kineziotejpirovanie-nachalnyj-uroven,9333,post,posts
https://shmmoscow.ru/kursy-manualno-myshechnogo-testirovaniya/,kursy-manualno-myshechnogo-testirovaniya,12512,post,posts
https://shmmoscow.ru/kursy-sportivnogo-massazha/,kursy-sportivnogo-massazha,171,post,posts
https://shmmoscow.ru/massazh-dlya-sportsmenov-osobennosti-i-preimushhestva/,massazh-dlya-sportsmenov-osobennosti-i-preimushhestva,33702,post,posts
https://shmmoscow.ru/massazh-dlya-sportsmenov-put-k-vosstanovleniyu-i-uluchsheniyu-rezultatov/,massazh-dlya-sportsmenov-put-k-vosstanovleniyu-i-uluchsheniyu-rezultatov,33429,post,posts
https://shmmoscow.ru/obuchayushhij-kurs-triggernye-tochki-myshc/,obuchayushhij-kurs-triggernye-tochki-myshc,12045,post,posts
https://shmmoscow.ru/obuchenie-esteticheskomu-tejpirovaniyu-litsa/,obuchenie-esteticheskomu-tejpirovaniyu-litsa,12538,post,posts
https://shmmoscow.ru/osnovy-sportivnogo-massazha-klyuchevye-printsipy-i-preimushhestva/,osnovy-sportivnogo-massazha-klyuchevye-printsipy-i-preimushhestva,34342,post,posts
https://shmmoscow.ru/sportivnyj-massazh-osnovnye-printsipy-tehnika-polza/,sportivnyj-massazh-osnovnye-printsipy-tehnika-polza,33756,post,posts
https://shmmoscow.ru/tejpirovanie-img_9747/,tejpirovanie-img_9747,,,
https://shmmoscow.ru/tejpirovanie-litsa-pravila-i-shemy/,tejpirovanie-litsa-pravila-i-shemy,33532,post,posts
https://shmmoscow.ru/tejpirovanie-litsa-tehniki-printsipy-i-primenenie/,tejpirovanie-litsa-tehniki-printsipy-i-primenenie,34039,post,posts
https://shmmoscow.ru/triggernye-tochki-img_9202/,triggernye-tochki-img_9202,,,
https://shmmoscow.ru/banochnyj-massazh-litsa-put-k-molodosti-i-zdorovyu-kozhi/,banochnyj-massazh-litsa-put-k-molodosti-i-zdorovyu-kozhi,32813,post,posts
https://shmmoscow.ru/birmanskij-massazh-litsa-iskusstvo-omolozheniya-i-garmonii/,birmanskij-massazh-litsa-iskusstvo-omolozheniya-i-garmonii,33715,post,posts
https://shmmoscow.ru/hiroplasticheskij-massazh-litsa-preimushhestva-i-tehniki/,hiroplasticheskij-massazh-litsa-preimushhestva-i-tehniki,34201,post,posts
https://shmmoscow.ru/massazh-guasha-dlya-litsa-krasivaya-priyatnaya-effektivnaya-protsedura/,massazh-guasha-dlya-litsa-krasivaya-priyatnaya-effektivnaya-protsedura,34287,post,posts
https://shmmoscow.ru/massazh-litsa-i-ego-preimushhestva-tehniki-i-ih-effekt/,massazh-litsa-i-ego-preimushhestva-tehniki-i-ih-effekt,34666,post,posts
https://shmmoscow.ru/massazh-litsa-iskusstvo-molodosti-i-krasoty/,massazh-litsa-iskusstvo-molodosti-i-krasoty,32682,post,posts
https://shmmoscow.ru/modeliruyushhij-massazh-litsa-sekrety-uhoda-za-kozhej-i-metody-primeneniya/,modeliruyushhij-massazh-litsa-sekrety-uhoda-za-kozhej-i-metody-primeneniya,33459,post,posts
https://shmmoscow.ru/samomassazh-litsa-1-stupen/,samomassazh-litsa-1-stupen,29169,post,posts
https://shmmoscow.ru/seminar-banochnyj-massazh-litsa/,seminar-banochnyj-massazh-litsa,7124,post,posts
https://shmmoscow.ru/vakuumnyj-banochnyj-massazh-litsa/,vakuumnyj-banochnyj-massazh-litsa,36535,post,posts
https://shmmoscow.ru/diagnostika-pozvonochnika/,diagnostika-pozvonochnika,,,
https://shmmoscow.ru/kurs-manualno-osteopaticheskih-tehnik/,kurs-manualno-osteopaticheskih-tehnik,30681,post,posts
https://shmmoscow.ru/massazh-spiny-i-shei-ustranenie-napryazheniya-i-boli/,massazh-spiny-i-shei-ustranenie-napryazheniya-i-boli,34156,post,posts
https://shmmoscow.ru/preobrazite-svoyu-praktiku-massazha-obuchayushhij-kurs-vizualnaya-i-funktsionalnaya-diagnostika-patsienta-dlya-massazhistov/,preobrazite-svoyu-praktiku-massazha-obuchayushhij-kurs-vizualnaya-i-funktsionalnaya-diagnostika-patsienta-dlya-massazhistov,28786,post,posts
https://shmmoscow.ru/vliyanie-massazha-spiny-na-osanku/,vliyanie-massazha-spiny-na-osanku,34378,post,posts
https://shmmoscow.ru/rasslablyayushhij-i-relaks-massazh-osnovnye-otlichiya-vybor-i-demonstratsiya-raznyh-tehnik-s-ispolzovaniem-masel-cosmosuits/,rasslablyayushhij-i-relaks-massazh-osnovnye-otlichiya-vybor-i-demonstratsiya-raznyh-tehnik-s-ispolzovaniem-masel-cosmosuits,30479,post,posts
https://shmmoscow.ru/kak-masteru-massazha-uvelichit-svoj-dohod/,kak-masteru-massazha-uvelichit-svoj-dohod,34373,post,posts
https://shmmoscow.ru/skolko-zarabatyvayut-massazhisty-v-mesyats-na-domu-2/,skolko-zarabatyvayut-massazhisty-v-mesyats-na-domu-2,36401,post,posts
https://shmmoscow.ru/kakie-tehniki-massazha-podhodyat-dlya-uluchsheniya-limfodrenazha/,kakie-tehniki-massazha-podhodyat-dlya-uluchsheniya-limfodrenazha,35750,post,posts
https://shmmoscow.ru/massazh-dlya-korrektsii-figury-metodiki-i-preimushhestva/,massazh-dlya-korrektsii-figury-metodiki-i-preimushhestva,34049,post,posts
https://shmmoscow.ru/massazh-kolennogo-sustava-effektivnye-priemy-dlya-zdorovya-i-vosstanovleniya/,massazh-kolennogo-sustava-effektivnye-priemy-dlya-zdorovya-i-vosstanovleniya,33453,post,posts
https://shmmoscow.ru/massazh-pri-ploskostopii-put-k-zdorovym-stopam/,massazh-pri-ploskostopii-put-k-zdorovym-stopam,33233,post,posts
https://shmmoscow.ru/massazh-pri-varikoznom-rasshirenii-ven-vazhnye-aspekty-i-rekomendatsii/,massazh-pri-varikoznom-rasshirenii-ven-vazhnye-aspekty-i-rekomendatsii,33190,post,posts
https://shmmoscow.ru/mify-o-massazhe-po-korrektsii-figury/,mify-o-massazhe-po-korrektsii-figury,33737,post,posts
https://shmmoscow.ru/nevidimaya-nit-svyaz-massazha-s-povysheniem-immuniteta/,nevidimaya-nit-svyaz-massazha-s-povysheniem-immuniteta,34385,post,posts
https://shmmoscow.ru/vakuumnyj-massazh-polza-protsedury/,vakuumnyj-massazh-polza-protsedury,34124,post,posts
https://shmmoscow.ru/vakuumnyj-massazh-sekrety-effektivnosti-i-polzy-dlya-vashego-zdorovya/,vakuumnyj-massazh-sekrety-effektivnosti-i-polzy-dlya-vashego-zdorovya,32668,post,posts
https://shmmoscow.ru/vakuumnyj-massazh-tehnika-preimushhestva-polza/,vakuumnyj-massazh-tehnika-preimushhestva-polza,33980,post,posts
https://shmmoscow.ru/pochemu-masteru-vygodno-delat-massazh-po-korrektsii-figury/,pochemu-masteru-vygodno-delat-massazh-po-korrektsii-figury,33398,post,posts
https://shmmoscow.ru/guseva-inna-aleksandrovna/,guseva-inna-aleksandrovna,26626,page,pages
https://shmmoscow.ru/img_2620/,img_2620,,,
https://shmmoscow.ru/img_6101/,img_6101,,,
https://shmmoscow.ru/kalistratova_certificates_/,kalistratova_certificates_,,,
https://shmmoscow.ru/kapustina-viktoriya-viktorovna/,kapustina-viktoriya-viktorovna,33027,page,pages
https://shmmoscow.ru/klassicheskij-massazh-pro-level-2/,klassicheskij-massazh-pro-level-2,21005,post,posts
https://shmmoscow.ru/klassicheskij-massazh-pro-level-3/,klassicheskij-massazh-pro-level-3,21051,post,posts
https://shmmoscow.ru/klassicheskij-massazh-pro-level/,klassicheskij-massazh-pro-level,20891,post,posts
https://shmmoscow.ru/kobido/,kobido,143,post,posts
https://shmmoscow.ru/komarov-roman-valerevich/,komarov-roman-valerevich,,,
https://shmmoscow.ru/korugi/,korugi,12011,post,posts
https://shmmoscow.ru/lechebnaya-fizkultura-bazovyj-blok/,lechebnaya-fizkultura-bazovyj-blok,29128,post,posts
https://shmmoscow.ru/lfk-pri-dtsp-s-osnovami-vojta-terapii/,lfk-pri-dtsp-s-osnovami-vojta-terapii,30630,post,posts
https://shmmoscow.ru/manualnaya-terapiya-i-blok-bazovyj-uroven/,manualnaya-terapiya-i-blok-bazovyj-uroven,,,
https://shmmoscow.ru/masharina-aleksandra-fedorovna/,masharina-aleksandra-fedorovna,17584,post,posts
https://shmmoscow.ru/massagemaster/,massagemaster,22935,page,pages
https://shmmoscow.ru/massazh-golovy-kak-uluchshit-zdorove-i-blagopoluchie-cherez-terapiyu-kozhi-i-volos/,massazh-golovy-kak-uluchshit-zdorove-i-blagopoluchie-cherez-terapiyu-kozhi-i-volos,33999,post,posts
https://shmmoscow.ru/massazh-grudi-dush/,massazh-grudi-dush,,,
https://shmmoscow.ru/massazh-grudi/,massazh-grudi,,,
https://shmmoscow.ru/massazh-guasha-obuchenie/,massazh-guasha-obuchenie,4544,post,posts
https://shmmoscow.ru/massazh-volosatoj-chasti-golovy-polnoe-rukovodstvo-dlya-nachinayushhih/,massazh-volosatoj-chasti-golovy-polnoe-rukovodstvo-dlya-nachinayushhih,33334,post,posts
https://shmmoscow.ru/master-korrektsii-figury-2/,master-korrektsii-figury-2,3465,post,posts
https://shmmoscow.ru/master-korrektsii-figury/,master-korrektsii-figury,18154,post,posts
https://shmmoscow.ru/master-massazha/,master-massazha,18056,post,posts
https://shmmoscow.ru/masterklass/,masterklass,16076,post,posts
https://shmmoscow.ru/meditsinskaya-sestra/,meditsinskaya-sestra,18325,post,posts
https://shmmoscow.ru/mikov-matvej-anatolevich/,mikov-matvej-anatolevich,33027,page,pages
https://shmmoscow.ru/o-shkole-masterov-massazha/,o-shkole-masterov-massazha,1094,page,pages
https://shmmoscow.ru/o-shkole/,o-shkole,5,page,pages
https://shmmoscow.ru/obespechenie-rashodnymi-materialami/,obespechenie-rashodnymi-materialami,11944,post,posts
https://shmmoscow.ru/obuchenie-tehnikam-massazha-litsa/,obuchenie-tehnikam-massazha-litsa,9509,page,pages
https://shmmoscow.ru/oplata/,oplata,6399,page,pages
https://shmmoscow.ru/orogold-self-facial-massage-900x895/,orogold-self-facial-massage-900x895,,,
https://shmmoscow.ru/otzyvy-rabotodatelej/,otzyvy-rabotodatelej,4576,post,posts
https://shmmoscow.ru/podarochnye-sertifikaty/,podarochnye-sertifikaty,963,page,pages
https://shmmoscow.ru/podbor-personala/,podbor-personala,11937,post,posts
https://shmmoscow.ru/podskazki-klassicheskij-massazh-free/,podskazki-klassicheskij-massazh-free,30903,page,pages
https://shmmoscow.ru/podskazki-klassicheskij-massazh/,podskazki-klassicheskij-massazh,29863,page,pages
https://shmmoscow.ru/politika-konfidentsialnosti/,politika-konfidentsialnosti,374,page,pages
https://shmmoscow.ru/poluchi-vostrebovannuyu-professiyu/,poluchi-vostrebovannuyu-professiyu,26010,page,pages
https://shmmoscow.ru/priemy-klassicheskogo-massazha-2/,priemy-klassicheskogo-massazha-2,35537,post,posts
https://shmmoscow.ru/professiya-pod-klyuch/,professiya-pod-klyuch,31416,page,pages
https://shmmoscow.ru/programma-modelirovaniya-figury-mikelandzhelo/,programma-modelirovaniya-figury-mikelandzhelo,29915,post,posts
https://shmmoscow.ru/protivopokazaniya-k-massazhu-2/,protivopokazaniya-k-massazhu-2,35553,post,posts
https://shmmoscow.ru/raspisanie-zanyatij-v-shkole/,raspisanie-zanyatij-v-shkole,1030,page,pages
https://shmmoscow.ru/rassrochka/,rassrochka,14608,page,pages
https://shmmoscow.ru/sam-sebe-skulptor/,sam-sebe-skulptor,5232,post,posts
https://shmmoscow.ru/seminar-apparatnyj-massazh/,seminar-apparatnyj-massazh,11010,post,posts
https://shmmoscow.ru/seminar-korrektsiya-rubtsov-i-rastyazhek/,seminar-korrektsiya-rubtsov-i-rastyazhek,8790,post,posts
https://shmmoscow.ru/seminar-krioobertyvanie/,seminar-krioobertyvanie,8796,post,posts
https://shmmoscow.ru/seminar-massazh-pri-osteohondroze/,seminar-massazh-pri-osteohondroze,8800,post,posts
https://shmmoscow.ru/seminar-massazh-shiatsu-img_9186/,seminar-massazh-shiatsu-img_9186,,,
https://shmmoscow.ru/seminar-rabota-s-poyasnichno-kresttsovym-otdelom-2/,seminar-rabota-s-poyasnichno-kresttsovym-otdelom-2,9338,post,posts
https://shmmoscow.ru/seminar-shejno-vorotnikovaya-zona-v-polozhenii-lezha-na-spine/,seminar-shejno-vorotnikovaya-zona-v-polozhenii-lezha-na-spine,8806,post,posts
https://shmmoscow.ru/seminar-skolioz-i-narushenie-osanki-2/,seminar-skolioz-i-narushenie-osanki-2,36032,post,posts
https://shmmoscow.ru/seminar-termoobertyvanie/,seminar-termoobertyvanie,8802,post,posts
https://shmmoscow.ru/seminar-tochechnyj-massazh-shiatsu/,seminar-tochechnyj-massazh-shiatsu,11010,post,posts
https://shmmoscow.ru/seminar-vistseralnye-tehniki-v-massazhe-2/,seminar-vistseralnye-tehniki-v-massazhe-2,19971,post,posts
https://shmmoscow.ru/skulpturnyj-massazh-litsa-2-uroven-po-frantsuzskoj-metodike-zhoel-siokko-joelle-ciocco/,skulpturnyj-massazh-litsa-2-uroven-po-frantsuzskoj-metodike-zhoel-siokko-joelle-ciocco,3497,post,posts
https://shmmoscow.ru/skulpturnyj-massazh-litsa-2/,skulpturnyj-massazh-litsa-2,35549,post,posts
https://shmmoscow.ru/skulpturnyj-massazh-litsa-3-stupen/,skulpturnyj-massazh-litsa-3-stupen,5662,post,posts
https://shmmoscow.ru/sovershenstvo-masterstva-workshop/,sovershenstvo-masterstva-workshop,28972,post,posts
https://shmmoscow.ru/stol-arenda/,stol-arenda,4593,page,pages
https://shmmoscow.ru/tochechnyj-massazh/,tochechnyj-massazh,3580,post,posts